customer_id,Monetary,total_quantity,Frequency,num_unique_products,last_purchase_date,avg_price_per_unit,store_visit_frequency,Mobile,membership_start_date,Active_days,Avg_purchase_gap_days,Recency,cluster,loyalty,assigned_reward,progress_message,churn_prediction,prediction_probability,risk_level
C0000,26550,23,15,12,2025-01-07,1023.3333333333334,3,9400950651,2024-05-26,370,123.33333333333333,154,1,Gold,20% discount + free shipping,"ğŸŠ Congrats Customer C0000! As a Gold member, enjoy your reward: 20% discount + free shipping. We appreciate your loyalty! ğŸ’–",0,9.878103e-13,Low
C0001,5750,6,5,5,2024-05-06,790.0,1,9400950651,2024-05-06,390,390.0,400,2,No tier,No reward,âš ï¸ Hi Customer C0001! You currently have no loyalty tier. Make 10 more purchases or spend â‚¹24250 more to unlock exciting rewards! ğŸš€,0,1.4006125e-09,Low
C0003,9250,7,5,5,2025-03-17,1130.0,1,9400950651,2025-03-17,75,75.0,85,0,No tier,No reward,âš ï¸ Hi Customer C0003! You currently have no loyalty tier. Make 10 more purchases or spend â‚¹20750 more to unlock exciting rewards! ğŸš€,0,7.636251e-09,Low
C0004,8500,6,5,5,2024-04-29,1460.0,1,9400950651,2024-04-29,397,397.0,407,2,No tier,No reward,âš ï¸ Hi Customer C0004! You currently have no loyalty tier. Make 10 more purchases or spend â‚¹21500 more to unlock exciting rewards! ğŸš€,0,4.2322625e-09,Low
C0006,8250,8,5,5,2024-01-12,1150.0,1,9400950651,2024-01-12,505,505.0,515,2,No tier,No reward,âš ï¸ Hi Customer C0006! You currently have no loyalty tier. Make 10 more purchases or spend â‚¹21750 more to unlock exciting rewards! ğŸš€,0,2.6781602e-12,Low
C0007,15800,20,15,12,2025-05-22,826.6666666666666,3,9400950651,2024-02-28,458,152.66666666666666,19,1,Gold,20% discount + free shipping,"ğŸŠ Congrats Customer C0007! As a Gold member, enjoy your reward: 20% discount + free shipping. We appreciate your loyalty! ğŸ’–",0,6.7838395e-11,Low
C0009,5450,5,5,5,2024-09-29,1090.0,1,9400950651,2024-09-29,244,244.0,254,0,No tier,No reward,âš ï¸ Hi Customer C0009! You currently have no loyalty tier. Make 10 more purchases or spend â‚¹24550 more to unlock exciting rewards! ğŸš€,0,3.0897343e-07,Low
C0010,6100,5,5,5,2024-04-07,1220.0,1,9400950651,2024-04-07,419,419.0,429,2,No tier,No reward,âš ï¸ Hi Customer C0010! You currently have no loyalty tier. Make 10 more purchases or spend â‚¹23900 more to unlock exciting rewards! ğŸš€,0,2.8487748e-10,Low
C0011,42550,38,30,18,2024-11-13,1125.0,6,9400950651,2024-05-07,389,64.83333333333333,209,1,Gold,20% discount + free shipping,"ğŸŠ Congrats Customer C0011! As a Gold member, enjoy your reward: 20% discount + free shipping. We appreciate your loyalty! ğŸ’–",0,1.02742193e-25,Low
C0012,12350,14,10,8,2024-07-02,860.0,2,9400950651,2024-02-05,481,240.5,343,3,No tier,No reward,âš ï¸ Hi Customer C0012! You currently have no loyalty tier. Make 5 more purchases or spend â‚¹17650 more to unlock exciting rewards! ğŸš€,0,7.595372e-06,Low
C0013,6300,6,5,5,2024-10-14,1020.0,1,9400950651,2024-10-14,229,229.0,239,0,No tier,No reward,âš ï¸ Hi Customer C0013! You currently have no loyalty tier. Make 10 more purchases or spend â‚¹23700 more to unlock exciting rewards! ğŸš€,0,1.0351719e-06,Low
C0015,5350,7,5,5,2024-11-24,640.0,1,9400950651,2024-11-24,188,188.0,198,0,No tier,No reward,âš ï¸ Hi Customer C0015! You currently have no loyalty tier. Make 10 more purchases or spend â‚¹24650 more to unlock exciting rewards! ğŸš€,0,1.8549169e-07,Low
C0016,32650,41,30,21,2025-05-08,835.0,6,9400950651,2024-03-03,454,75.66666666666667,33,1,Gold,20% discount + free shipping,"ğŸŠ Congrats Customer C0016! As a Gold member, enjoy your reward: 20% discount + free shipping. We appreciate your loyalty! ğŸ’–",0,8.76963e-24,Low
C0018,8550,11,10,10,2024-11-27,735.0,2,9400950651,2024-07-13,322,161.0,195,3,No tier,No reward,âš ï¸ Hi Customer C0018! You currently have no loyalty tier. Make 5 more purchases or spend â‚¹21450 more to unlock exciting rewards! ğŸš€,0,2.403715e-06,Low
C0019,12250,12,10,9,2024-08-08,855.0,2,9400950651,2024-04-22,404,202.0,306,3,No tier,No reward,âš ï¸ Hi Customer C0019! You currently have no loyalty tier. Make 5 more purchases or spend â‚¹17750 more to unlock exciting rewards! ğŸš€,0,2.1382704e-05,Low
C0021,8200,11,10,9,2025-02-13,795.0,2,9400950651,2025-02-08,112,56.0,117,0,No tier,No reward,âš ï¸ Hi Customer C0021! You currently have no loyalty tier. Make 5 more purchases or spend â‚¹21800 more to unlock exciting rewards! ğŸš€,0,9.617174e-10,Low
C0022,6450,8,5,5,2024-10-03,760.0,1,9400950651,2024-10-03,240,240.0,250,0,No tier,No reward,âš ï¸ Hi Customer C0022! You currently have no loyalty tier. Make 10 more purchases or spend â‚¹23550 more to unlock exciting rewards! ğŸš€,0,1.1594591e-06,Low
C0023,11700,12,10,9,2025-02-07,1055.0,2,9400950651,2024-01-04,513,256.5,123,3,No tier,No reward,âš ï¸ Hi Customer C0023! You currently have no loyalty tier. Make 5 more purchases or spend â‚¹18300 more to unlock exciting rewards! ğŸš€,0,6.277667e-05,Low
C0024,24500,24,15,12,2024-11-29,1093.3333333333333,3,9400950651,2024-01-01,516,172.0,193,1,Gold,20% discount + free shipping,"ğŸŠ Congrats Customer C0024! As a Gold member, enjoy your reward: 20% discount + free shipping. We appreciate your loyalty! ğŸ’–",0,3.7093904e-11,Low
C0025,7550,6,5,5,2024-01-25,1010.0,1,9400950651,2024-01-25,492,492.0,502,2,No tier,No reward,âš ï¸ Hi Customer C0025! You currently have no loyalty tier. Make 10 more purchases or spend â‚¹22450 more to unlock exciting rewards! ğŸš€,0,4.7547803e-12,Low
C0026,6700,14,10,8,2024-08-18,540.0,2,9400950651,2024-07-17,318,159.0,296,3,No tier,No reward,âš ï¸ Hi Customer C0026! You currently have no loyalty tier. Make 5 more purchases or spend â‚¹23300 more to unlock exciting rewards! ğŸš€,0,6.291219e-07,Low
C0027,18400,18,15,12,2025-05-05,950.0,3,9400950651,2024-02-08,478,159.33333333333334,36,1,Gold,20% discount + free shipping,"ğŸŠ Congrats Customer C0027! As a Gold member, enjoy your reward: 20% discount + free shipping. We appreciate your loyalty! ğŸ’–",0,6.35958e-11,Low
C0028,10850,14,10,10,2025-01-17,755.0,2,9400950651,2024-04-01,425,212.5,144,3,No tier,No reward,âš ï¸ Hi Customer C0028! You currently have no loyalty tier. Make 5 more purchases or spend â‚¹19150 more to unlock exciting rewards! ğŸš€,0,1.8914123e-05,Low
C0029,10400,13,10,10,2024-04-17,785.0,2,9400950651,2024-02-26,460,230.0,419,3,No tier,No reward,âš ï¸ Hi Customer C0029! You currently have no loyalty tier. Make 5 more purchases or spend â‚¹19600 more to unlock exciting rewards! ğŸš€,0,2.425283e-07,Low
C0030,8200,8,5,5,2025-03-14,720.0,1,9400950651,2025-03-14,78,78.0,88,0,No tier,No reward,âš ï¸ Hi Customer C0030! You currently have no loyalty tier. Make 10 more purchases or spend â‚¹21800 more to unlock exciting rewards! ğŸš€,0,5.3828466e-09,Low
C0031,3800,6,5,5,2024-10-11,690.0,1,9400950651,2024-10-11,232,232.0,242,0,No tier,No reward,âš ï¸ Hi Customer C0031! You currently have no loyalty tier. Make 10 more purchases or spend â‚¹26200 more to unlock exciting rewards! ğŸš€,0,3.7513246e-08,Low
C0033,7100,5,5,5,2024-02-22,1420.0,1,9400950651,2024-02-22,464,464.0,474,2,No tier,No reward,âš ï¸ Hi Customer C0033! You currently have no loyalty tier. Make 10 more purchases or spend â‚¹22900 more to unlock exciting rewards! ğŸš€,0,2.5887764e-11,Low
C0034,9250,16,10,9,2024-07-12,775.0,2,9400950651,2024-02-08,478,239.0,333,3,No tier,No reward,âš ï¸ Hi Customer C0034! You currently have no loyalty tier. Make 5 more purchases or spend â‚¹20750 more to unlock exciting rewards! ğŸš€,0,6.9579287e-06,Low
C0037,11950,13,10,9,2024-05-21,885.0,2,9400950651,2024-04-28,398,199.0,385,3,No tier,No reward,âš ï¸ Hi Customer C0037! You currently have no loyalty tier. Make 5 more purchases or spend â‚¹18050 more to unlock exciting rewards! ğŸš€,0,1.3695447e-06,Low
C0040,16600,17,15,12,2025-01-31,900.0,3,9400950651,2024-02-03,483,161.0,130,1,Gold,20% discount + free shipping,"ğŸŠ Congrats Customer C0040! As a Gold member, enjoy your reward: 20% discount + free shipping. We appreciate your loyalty! ğŸ’–",0,1.4187911e-09,Low
C0043,6550,6,5,5,2025-04-05,950.0,1,9400950651,2025-04-05,56,56.0,66,0,No tier,No reward,âš ï¸ Hi Customer C0043! You currently have no loyalty tier. Make 10 more purchases or spend â‚¹23450 more to unlock exciting rewards! ğŸš€,0,3.3698344e-10,Low
C0046,7950,8,5,5,2025-03-27,850.0,1,9400950651,2025-03-27,65,65.0,75,0,No tier,No reward,âš ï¸ Hi Customer C0046! You currently have no loyalty tier. Make 10 more purchases or spend â‚¹22050 more to unlock exciting rewards! ğŸš€,0,1.6216272e-09,Low
C0047,25200,18,15,12,2024-04-27,1480.0,3,9400950651,2024-01-18,499,166.33333333333334,409,1,Gold,20% discount + free shipping,"ğŸŠ Congrats Customer C0047! As a Gold member, enjoy your reward: 20% discount + free shipping. We appreciate your loyalty! ğŸ’–",0,3.158632e-11,Low
C0049,3350,6,5,5,2025-04-13,530.0,1,9400950651,2025-04-13,48,48.0,58,0,No tier,No reward,âš ï¸ Hi Customer C0049! You currently have no loyalty tier. Make 10 more purchases or spend â‚¹26650 more to unlock exciting rewards! ğŸš€,0,1.8527355e-11,Low
C0050,13250,13,10,10,2024-03-21,975.0,2,9400950651,2024-01-29,488,244.0,446,3,No tier,No reward,âš ï¸ Hi Customer C0050! You currently have no loyalty tier. Make 5 more purchases or spend â‚¹16750 more to unlock exciting rewards! ğŸš€,0,9.5449984e-08,Low
C0051,20150,18,15,12,2025-05-08,1026.6666666666667,3,9400950651,2024-06-08,357,119.0,33,1,Gold,20% discount + free shipping,"ğŸŠ Congrats Customer C0051! As a Gold member, enjoy your reward: 20% discount + free shipping. We appreciate your loyalty! ğŸ’–",0,4.009749e-12,Low
C0052,10050,8,5,5,2025-05-14,1090.0,1,9400950651,2025-05-14,17,17.0,27,0,No tier,No reward,âš ï¸ Hi Customer C0052! You currently have no loyalty tier. Make 10 more purchases or spend â‚¹19950 more to unlock exciting rewards! ğŸš€,0,6.1995006e-11,Low
C0055,6950,5,5,5,2024-07-11,1390.0,1,9400950651,2024-07-11,324,324.0,334,2,No tier,No reward,âš ï¸ Hi Customer C0055! You currently have no loyalty tier. Make 10 more purchases or spend â‚¹23050 more to unlock exciting rewards! ğŸš€,0,1.3757938e-07,Low
C0056,3550,6,5,5,2024-01-20,660.0,1,9400950651,2024-01-20,497,497.0,507,2,No tier,No reward,âš ï¸ Hi Customer C0056! You currently have no loyalty tier. Make 10 more purchases or spend â‚¹26450 more to unlock exciting rewards! ğŸš€,0,3.9478002e-13,Low
C0057,9800,19,15,11,2025-04-26,573.3333333333334,3,9400950651,2024-06-02,363,121.0,45,1,Gold,20% discount + free shipping,"ğŸŠ Congrats Customer C0057! As a Gold member, enjoy your reward: 20% discount + free shipping. We appreciate your loyalty! ğŸ’–",0,8.600509e-11,Low
C0059,3250,6,5,5,2024-11-30,510.0,1,9400950651,2024-11-30,182,182.0,192,0,No tier,No reward,âš ï¸ Hi Customer C0059! You currently have no loyalty tier. Make 10 more purchases or spend â‚¹26750 more to unlock exciting rewards! ğŸš€,0,1.2060827e-08,Low
C0061,9250,7,5,5,2025-05-21,1130.0,1,9400950651,2025-05-21,10,10.0,20,0,No tier,No reward,âš ï¸ Hi Customer C0061! You currently have no loyalty tier. Make 10 more purchases or spend â‚¹20750 more to unlock exciting rewards! ğŸš€,0,2.4205787e-11,Low
C0062,13350,13,10,9,2024-12-25,955.0,2,9400950651,2024-08-04,300,150.0,167,3,No tier,No reward,âš ï¸ Hi Customer C0062! You currently have no loyalty tier. Make 5 more purchases or spend â‚¹16650 more to unlock exciting rewards! ğŸš€,0,1.6164898e-06,Low
C0063,6150,5,5,5,2025-05-04,1230.0,1,9400950651,2025-05-04,27,27.0,37,0,No tier,No reward,âš ï¸ Hi Customer C0063! You currently have no loyalty tier. Make 10 more purchases or spend â‚¹23850 more to unlock exciting rewards! ğŸš€,0,2.3030283e-11,Low
C0064,12800,14,10,9,2024-12-21,1025.0,2,9400950651,2024-06-02,363,181.5,171,3,No tier,No reward,âš ï¸ Hi Customer C0064! You currently have no loyalty tier. Make 5 more purchases or spend â‚¹17200 more to unlock exciting rewards! ğŸš€,0,1.0301857e-05,Low
C0066,13050,12,10,9,2025-01-25,1015.0,2,9400950651,2024-02-20,466,233.0,136,3,No tier,No reward,âš ï¸ Hi Customer C0066! You currently have no loyalty tier. Make 5 more purchases or spend â‚¹16950 more to unlock exciting rewards! ğŸš€,0,3.310017e-05,Low
C0067,20650,23,15,15,2025-01-28,936.6666666666666,3,9400950651,2024-02-19,467,155.66666666666666,133,1,Gold,20% discount + free shipping,"ğŸŠ Congrats Customer C0067! As a Gold member, enjoy your reward: 20% discount + free shipping. We appreciate your loyalty! ğŸ’–",0,1.2001129e-10,Low
C0068,19550,24,20,15,2024-12-14,785.0,4,9400950651,2024-04-08,418,104.5,178,1,Gold,20% discount + free shipping,"ğŸŠ Congrats Customer C0068! As a Gold member, enjoy your reward: 20% discount + free shipping. We appreciate your loyalty! ğŸ’–",0,1.3303948e-13,Low
C0069,10200,12,10,10,2025-02-28,960.0,2,9400950651,2024-04-21,405,202.5,102,3,No tier,No reward,âš ï¸ Hi Customer C0069! You currently have no loyalty tier. Make 5 more purchases or spend â‚¹19800 more to unlock exciting rewards! ğŸš€,0,3.2471592e-06,Low
C0070,6650,6,5,5,2024-09-25,1170.0,1,9400950651,2024-09-25,248,248.0,258,0,No tier,No reward,âš ï¸ Hi Customer C0070! You currently have no loyalty tier. Make 10 more purchases or spend â‚¹23350 more to unlock exciting rewards! ğŸš€,0,1.3287508e-06,Low
C0071,4900,5,5,5,2024-11-05,980.0,1,9400950651,2024-11-05,207,207.0,217,0,No tier,No reward,âš ï¸ Hi Customer C0071! You currently have no loyalty tier. Make 10 more purchases or spend â‚¹25100 more to unlock exciting rewards! ğŸš€,0,1.4766337e-07,Low
C0072,23000,26,20,18,2025-02-02,885.0,4,9400950651,2024-05-20,376,94.0,128,1,Gold,20% discount + free shipping,"ğŸŠ Congrats Customer C0072! As a Gold member, enjoy your reward: 20% discount + free shipping. We appreciate your loyalty! ğŸ’–",0,5.7300906e-15,Low
C0074,9500,11,10,8,2025-02-20,890.0,2,9400950651,2024-12-20,162,81.0,110,0,No tier,No reward,âš ï¸ Hi Customer C0074! You currently have no loyalty tier. Make 5 more purchases or spend â‚¹20500 more to unlock exciting rewards! ğŸš€,0,5.432686e-09,Low
C0075,8950,13,10,10,2024-10-08,760.0,2,9400950651,2024-06-22,343,171.5,245,3,No tier,No reward,âš ï¸ Hi Customer C0075! You currently have no loyalty tier. Make 5 more purchases or spend â‚¹21050 more to unlock exciting rewards! ğŸš€,0,5.0543363e-06,Low
C0076,5250,5,5,5,2024-03-30,1050.0,1,9400950651,2024-03-30,427,427.0,437,2,No tier,No reward,âš ï¸ Hi Customer C0076! You currently have no loyalty tier. Make 10 more purchases or spend â‚¹24750 more to unlock exciting rewards! ğŸš€,0,1.0052443e-10,Low
C0077,4350,5,5,5,2024-05-03,870.0,1,9400950651,2024-05-03,393,393.0,403,2,No tier,No reward,âš ï¸ Hi Customer C0077! You currently have no loyalty tier. Make 10 more purchases or spend â‚¹25650 more to unlock exciting rewards! ğŸš€,0,4.1462633e-10,Low
C0078,4700,6,5,5,2024-03-12,910.0,1,9400950651,2024-03-12,445,445.0,455,2,No tier,No reward,âš ï¸ Hi Customer C0078! You currently have no loyalty tier. Make 10 more purchases or spend â‚¹25300 more to unlock exciting rewards! ğŸš€,0,2.251619e-11,Low
C0080,6300,6,5,5,2024-04-23,1220.0,1,9400950651,2024-04-23,403,403.0,413,2,No tier,No reward,âš ï¸ Hi Customer C0080! You currently have no loyalty tier. Make 10 more purchases or spend â‚¹23700 more to unlock exciting rewards! ğŸš€,0,8.9366387e-10,Low
C0082,5550,6,5,5,2024-05-24,770.0,1,9400950651,2024-05-24,372,372.0,382,2,No tier,No reward,âš ï¸ Hi Customer C0082! You currently have no loyalty tier. Make 10 more purchases or spend â‚¹24450 more to unlock exciting rewards! ğŸš€,0,3.5313756e-09,Low
C0083,14900,15,10,8,2024-09-06,1205.0,2,9400950651,2024-04-02,424,212.0,277,3,No tier,No reward,âš ï¸ Hi Customer C0083! You currently have no loyalty tier. Make 5 more purchases or spend â‚¹15100 more to unlock exciting rewards! ğŸš€,0,2.7986325e-05,Low
C0085,5750,6,5,5,2024-10-15,960.0,1,9400950651,2024-10-15,228,228.0,238,0,No tier,No reward,âš ï¸ Hi Customer C0085! You currently have no loyalty tier. Make 10 more purchases or spend â‚¹24250 more to unlock exciting rewards! ğŸš€,0,5.16127e-07,Low
C0086,16750,18,10,9,2024-05-21,1235.0,2,9400950651,2024-04-10,416,208.0,385,3,No tier,No reward,âš ï¸ Hi Customer C0086! You currently have no loyalty tier. Make 5 more purchases or spend â‚¹13250 more to unlock exciting rewards! ğŸš€,0,7.793037e-07,Low
C0088,2650,6,5,5,2024-07-21,480.0,1,9400950651,2024-07-21,314,314.0,324,2,No tier,No reward,âš ï¸ Hi Customer C0088! You currently have no loyalty tier. Make 10 more purchases or spend â‚¹27350 more to unlock exciting rewards! ğŸš€,0,1.9725068e-09,Low
C0089,11100,13,10,9,2024-11-09,730.0,2,9400950651,2024-04-03,423,211.5,213,3,No tier,No reward,âš ï¸ Hi Customer C0089! You currently have no loyalty tier. Make 5 more purchases or spend â‚¹18900 more to unlock exciting rewards! ğŸš€,0,6.4113476e-05,Low
C0091,2050,5,5,5,2024-08-29,410.0,1,9400950651,2024-08-29,275,275.0,285,2,No tier,No reward,âš ï¸ Hi Customer C0091! You currently have no loyalty tier. Make 10 more purchases or spend â‚¹27950 more to unlock exciting rewards! ğŸš€,0,2.3931201e-09,Low
C0092,17900,14,10,9,2024-11-22,1240.0,2,9400950651,2024-08-26,278,139.0,200,3,No tier,No reward,âš ï¸ Hi Customer C0092! You currently have no loyalty tier. Make 5 more purchases or spend â‚¹12100 more to unlock exciting rewards! ğŸš€,0,2.551491e-07,Low
C0094,6850,8,5,5,2024-11-13,850.0,1,9400950651,2024-11-13,199,199.0,209,0,No tier,No reward,âš ï¸ Hi Customer C0094! You currently have no loyalty tier. Make 10 more purchases or spend â‚¹23150 more to unlock exciting rewards! ğŸš€,0,1.3930475e-06,Low
C0097,3450,6,5,5,2024-05-23,650.0,1,9400950651,2024-05-23,373,373.0,383,2,No tier,No reward,âš ï¸ Hi Customer C0097! You currently have no loyalty tier. Make 10 more purchases or spend â‚¹26550 more to unlock exciting rewards! ğŸš€,0,5.7263577e-10,Low
C0100,5550,14,5,5,2024-09-16,580.0,1,9400950651,2024-09-16,257,257.0,267,2,No tier,No reward,âš ï¸ Hi Customer C0100! You currently have no loyalty tier. Make 10 more purchases or spend â‚¹24450 more to unlock exciting rewards! ğŸš€,0,2.9656672e-07,Low
C0101,9200,13,10,9,2025-05-07,800.0,2,9400950651,2024-07-09,326,163.0,34,3,No tier,No reward,âš ï¸ Hi Customer C0101! You currently have no loyalty tier. Make 5 more purchases or spend â‚¹20800 more to unlock exciting rewards! ğŸš€,0,2.0887192e-08,Low
C0102,10450,12,10,8,2024-09-29,855.0,2,9400950651,2024-07-12,323,161.5,254,3,No tier,No reward,âš ï¸ Hi Customer C0102! You currently have no loyalty tier. Make 5 more purchases or spend â‚¹19550 more to unlock exciting rewards! ğŸš€,0,8.210686e-06,Low
C0103,17150,21,15,13,2024-07-28,856.6666666666666,3,9400950651,2024-02-11,475,158.33333333333334,317,1,Gold,20% discount + free shipping,"ğŸŠ Congrats Customer C0103! As a Gold member, enjoy your reward: 20% discount + free shipping. We appreciate your loyalty! ğŸ’–",0,9.675098e-09,Low
C0104,7500,6,5,5,2025-02-23,1450.0,1,9400950651,2025-02-23,97,97.0,107,0,No tier,No reward,âš ï¸ Hi Customer C0104! You currently have no loyalty tier. Make 10 more purchases or spend â‚¹22500 more to unlock exciting rewards! ğŸš€,0,1.5042357e-08,Low
C0105,10500,6,5,5,2024-06-29,1760.0,1,9400950651,2024-06-29,336,336.0,346,2,No tier,No reward,âš ï¸ Hi Customer C0105! You currently have no loyalty tier. Make 10 more purchases or spend â‚¹19500 more to unlock exciting rewards! ğŸš€,0,5.2259907e-07,Low
C0106,5100,8,5,5,2024-09-10,770.0,1,9400950651,2024-09-10,263,263.0,273,2,No tier,No reward,âš ï¸ Hi Customer C0106! You currently have no loyalty tier. Make 10 more purchases or spend â‚¹24900 more to unlock exciting rewards! ğŸš€,0,1.5345925e-07,Low
C0107,10300,13,10,9,2025-03-25,680.0,2,9400950651,2024-10-15,228,114.0,77,3,No tier,No reward,âš ï¸ Hi Customer C0107! You currently have no loyalty tier. Make 5 more purchases or spend â‚¹19700 more to unlock exciting rewards! ğŸš€,0,1.3829468e-08,Low
C0108,12000,11,10,10,2024-10-29,1030.0,2,9400950651,2024-07-01,334,167.0,224,3,No tier,No reward,âš ï¸ Hi Customer C0108! You currently have no loyalty tier. Make 5 more purchases or spend â‚¹18000 more to unlock exciting rewards! ğŸš€,0,1.4346039e-05,Low
C0110,5150,6,5,5,2024-05-08,1030.0,1,9400950651,2024-05-08,388,388.0,398,2,No tier,No reward,âš ï¸ Hi Customer C0110! You currently have no loyalty tier. Make 10 more purchases or spend â‚¹24850 more to unlock exciting rewards! ğŸš€,0,1.0111638e-09,Low
C0111,8700,13,10,10,2025-02-24,750.0,2,9400950651,2025-01-09,142,71.0,106,0,No tier,No reward,âš ï¸ Hi Customer C0111! You currently have no loyalty tier. Make 5 more purchases or spend â‚¹21300 more to unlock exciting rewards! ğŸš€,0,1.9756095e-09,Low
C0113,19050,20,15,13,2024-10-02,816.6666666666666,3,9400950651,2024-02-09,477,159.0,251,1,Gold,20% discount + free shipping,"ğŸŠ Congrats Customer C0113! As a Gold member, enjoy your reward: 20% discount + free shipping. We appreciate your loyalty! ğŸ’–",0,1.8209995e-09,Low
C0114,5350,6,5,5,2025-03-25,990.0,1,9400950651,2025-03-25,67,67.0,77,0,No tier,No reward,âš ï¸ Hi Customer C0114! You currently have no loyalty tier. Make 10 more purchases or spend â‚¹24650 more to unlock exciting rewards! ğŸš€,0,3.5966105e-10,Low
C0115,8950,12,10,8,2025-04-27,805.0,2,9400950651,2024-05-22,374,187.0,44,3,No tier,No reward,âš ï¸ Hi Customer C0115! You currently have no loyalty tier. Make 5 more purchases or spend â‚¹21050 more to unlock exciting rewards! ğŸš€,0,1.0287252e-07,Low
C0116,13400,17,10,8,2025-05-28,775.0,2,9400950651,2024-05-13,383,191.5,13,3,No tier,No reward,âš ï¸ Hi Customer C0116! You currently have no loyalty tier. Make 5 more purchases or spend â‚¹16600 more to unlock exciting rewards! ğŸš€,0,5.3529526e-08,Low
C0121,10200,11,10,9,2025-05-08,995.0,2,9400950651,2024-04-24,402,201.0,33,3,No tier,No reward,âš ï¸ Hi Customer C0121! You currently have no loyalty tier. Make 5 more purchases or spend â‚¹19800 more to unlock exciting rewards! ğŸš€,0,1.6900925e-07,Low
C0122,6800,8,5,5,2024-04-27,860.0,1,9400950651,2024-04-27,399,399.0,409,2,No tier,No reward,âš ï¸ Hi Customer C0122! You currently have no loyalty tier. Make 10 more purchases or spend â‚¹23200 more to unlock exciting rewards! ğŸš€,0,1.5496328e-09,Low
C0123,4000,6,5,5,2024-04-22,730.0,1,9400950651,2024-04-22,404,404.0,414,2,No tier,No reward,âš ï¸ Hi Customer C0123! You currently have no loyalty tier. Make 10 more purchases or spend â‚¹26000 more to unlock exciting rewards! ğŸš€,0,1.6599683e-10,Low
C0125,13750,22,15,13,2025-01-29,710.0,3,9400950651,2024-10-04,239,79.66666666666667,132,1,Gold,20% discount + free shipping,"ğŸŠ Congrats Customer C0125! As a Gold member, enjoy your reward: 20% discount + free shipping. We appreciate your loyalty! ğŸ’–",0,6.810573e-11,Low
C0126,13850,13,10,8,2024-10-13,1205.0,2,9400950651,2024-03-15,442,221.0,240,3,No tier,No reward,âš ï¸ Hi Customer C0126! You currently have no loyalty tier. Make 5 more purchases or spend â‚¹16150 more to unlock exciting rewards! ğŸš€,0,8.572252e-05,Low
C0128,27000,28,20,16,2024-12-17,965.0,4,9400950651,2024-04-18,408,102.0,175,1,Gold,20% discount + free shipping,"ğŸŠ Congrats Customer C0128! As a Gold member, enjoy your reward: 20% discount + free shipping. We appreciate your loyalty! ğŸ’–",0,1.1410518e-15,Low
C0129,15150,13,10,8,2025-01-16,995.0,2,9400950651,2024-11-16,196,98.0,145,3,No tier,No reward,âš ï¸ Hi Customer C0129! You currently have no loyalty tier. Make 5 more purchases or spend â‚¹14850 more to unlock exciting rewards! ğŸš€,0,3.212444e-08,Low
C0131,6000,6,5,5,2024-03-24,860.0,1,9400950651,2024-03-24,433,433.0,443,2,No tier,No reward,âš ï¸ Hi Customer C0131! You currently have no loyalty tier. Make 10 more purchases or spend â‚¹24000 more to unlock exciting rewards! ğŸš€,0,1.0948683e-10,Low
C0132,15250,26,15,10,2025-03-09,703.3333333333334,3,9400950651,2024-10-30,213,71.0,93,1,Gold,20% discount + free shipping,"ğŸŠ Congrats Customer C0132! As a Gold member, enjoy your reward: 20% discount + free shipping. We appreciate your loyalty! ğŸ’–",0,1.15964e-11,Low
C0135,2100,6,5,5,2025-02-07,350.0,1,9400950651,2025-02-07,113,113.0,123,0,No tier,No reward,âš ï¸ Hi Customer C0135! You currently have no loyalty tier. Make 10 more purchases or spend â‚¹27900 more to unlock exciting rewards! ğŸš€,0,2.8366456e-10,Low
C0136,8500,7,5,5,2025-01-01,1220.0,1,9400950651,2025-01-01,150,150.0,160,0,No tier,No reward,âš ï¸ Hi Customer C0136! You currently have no loyalty tier. Make 10 more purchases or spend â‚¹21500 more to unlock exciting rewards! ğŸš€,0,9.938306e-07,Low
C0137,3700,6,5,5,2024-08-30,520.0,1,9400950651,2024-08-30,274,274.0,284,2,No tier,No reward,âš ï¸ Hi Customer C0137! You currently have no loyalty tier. Make 10 more purchases or spend â‚¹26300 more to unlock exciting rewards! ğŸš€,0,2.1152841e-08,Low
C0138,16850,16,10,10,2025-04-24,1120.0,2,9400950651,2024-07-09,326,163.0,47,3,No tier,No reward,âš ï¸ Hi Customer C0138! You currently have no loyalty tier. Make 5 more purchases or spend â‚¹13150 more to unlock exciting rewards! ğŸš€,0,2.5350651e-08,Low
C0140,9000,7,5,5,2024-06-14,1420.0,1,9400950651,2024-06-14,351,351.0,361,2,No tier,No reward,âš ï¸ Hi Customer C0140! You currently have no loyalty tier. Make 10 more purchases or spend â‚¹21000 more to unlock exciting rewards! ğŸš€,0,1.03054376e-07,Low
C0141,18950,13,10,9,2025-01-10,1445.0,2,9400950651,2024-10-17,226,113.0,151,3,No tier,No reward,âš ï¸ Hi Customer C0141! You currently have no loyalty tier. Make 5 more purchases or spend â‚¹11050 more to unlock exciting rewards! ğŸš€,0,1.5298719e-08,Low
C0142,9450,13,10,9,2024-12-07,845.0,2,9400950651,2024-07-09,326,163.0,185,3,No tier,No reward,âš ï¸ Hi Customer C0142! You currently have no loyalty tier. Make 5 more purchases or spend â‚¹20550 more to unlock exciting rewards! ğŸš€,0,3.7725927e-06,Low
C0144,10800,13,10,9,2024-08-12,715.0,2,9400950651,2024-01-28,489,244.5,302,3,No tier,No reward,âš ï¸ Hi Customer C0144! You currently have no loyalty tier. Make 5 more purchases or spend â‚¹19200 more to unlock exciting rewards! ğŸš€,0,3.556256e-05,Low
C0145,10950,13,10,10,2025-01-22,895.0,2,9400950651,2024-08-14,290,145.0,139,3,No tier,No reward,âš ï¸ Hi Customer C0145! You currently have no loyalty tier. Make 5 more purchases or spend â‚¹19050 more to unlock exciting rewards! ğŸš€,0,7.236834e-07,Low
C0146,25600,19,15,12,2025-05-04,1166.6666666666667,3,9400950651,2024-04-27,399,133.0,37,1,Gold,20% discount + free shipping,"ğŸŠ Congrats Customer C0146! As a Gold member, enjoy your reward: 20% discount + free shipping. We appreciate your loyalty! ğŸ’–",0,3.7296335e-13,Low
C0147,5100,5,5,5,2024-04-17,1020.0,1,9400950651,2024-04-17,409,409.0,419,2,No tier,No reward,âš ï¸ Hi Customer C0147! You currently have no loyalty tier. Make 10 more purchases or spend â‚¹24900 more to unlock exciting rewards! ğŸš€,0,2.7860383e-10,Low
C0148,5050,6,5,5,2024-09-28,960.0,1,9400950651,2024-09-28,245,245.0,255,0,No tier,No reward,âš ï¸ Hi Customer C0148! You currently have no loyalty tier. Make 10 more purchases or spend â‚¹24950 more to unlock exciting rewards! ğŸš€,0,1.8084451e-07,Low
C0149,10300,13,10,10,2025-05-29,800.0,2,9400950651,2024-06-04,361,180.5,12,3,No tier,No reward,âš ï¸ Hi Customer C0149! You currently have no loyalty tier. Make 5 more purchases or spend â‚¹19700 more to unlock exciting rewards! ğŸš€,0,2.5457105e-08,Low
C0151,13850,8,5,5,2024-04-18,1390.0,1,9400950651,2024-04-18,408,408.0,418,2,No tier,No reward,âš ï¸ Hi Customer C0151! You currently have no loyalty tier. Make 10 more purchases or spend â‚¹16150 more to unlock exciting rewards! ğŸš€,0,1.757228e-08,Low
C0152,13000,12,10,9,2024-09-18,1060.0,2,9400950651,2024-07-24,311,155.5,265,3,No tier,No reward,âš ï¸ Hi Customer C0152! You currently have no loyalty tier. Make 5 more purchases or spend â‚¹17000 more to unlock exciting rewards! ğŸš€,0,1.143343e-05,Low
C0153,7050,10,5,5,2025-01-24,890.0,1,9400950651,2025-01-24,127,127.0,137,0,No tier,No reward,âš ï¸ Hi Customer C0153! You currently have no loyalty tier. Make 10 more purchases or spend â‚¹22950 more to unlock exciting rewards! ğŸš€,0,8.4929475e-08,Low
C0154,5950,6,5,5,2024-04-02,1130.0,1,9400950651,2024-04-02,424,424.0,434,2,No tier,No reward,âš ï¸ Hi Customer C0154! You currently have no loyalty tier. Make 10 more purchases or spend â‚¹24050 more to unlock exciting rewards! ğŸš€,0,1.8929971e-10,Low
C0155,10450,15,10,8,2025-04-17,805.0,2,9400950651,2024-05-16,380,190.0,54,3,No tier,No reward,âš ï¸ Hi Customer C0155! You currently have no loyalty tier. Make 5 more purchases or spend â‚¹19550 more to unlock exciting rewards! ğŸš€,0,2.5822987e-07,Low
C0156,23800,21,15,13,2025-03-16,1170.0,3,9400950651,2024-03-15,442,147.33333333333334,86,1,Gold,20% discount + free shipping,"ğŸŠ Congrats Customer C0156! As a Gold member, enjoy your reward: 20% discount + free shipping. We appreciate your loyalty! ğŸ’–",0,5.459936e-12,Low
C0157,13600,13,10,9,2025-01-12,990.0,2,9400950651,2024-08-03,301,150.5,149,3,No tier,No reward,âš ï¸ Hi Customer C0157! You currently have no loyalty tier. Make 5 more purchases or spend â‚¹16400 more to unlock exciting rewards! ğŸš€,0,9.0918786e-07,Low
C0159,10950,13,10,9,2024-07-21,930.0,2,9400950651,2024-03-17,440,220.0,324,3,No tier,No reward,âš ï¸ Hi Customer C0159! You currently have no loyalty tier. Make 5 more purchases or spend â‚¹19050 more to unlock exciting rewards! ğŸš€,0,1.3816813e-05,Low
C0160,6100,7,5,5,2024-05-30,930.0,1,9400950651,2024-05-30,366,366.0,376,2,No tier,No reward,âš ï¸ Hi Customer C0160! You currently have no loyalty tier. Make 10 more purchases or spend â‚¹23900 more to unlock exciting rewards! ğŸš€,0,7.56634e-09,Low
C0162,28100,28,20,14,2025-04-19,1025.0,4,9400950651,2024-02-10,476,119.0,52,1,Gold,20% discount + free shipping,"ğŸŠ Congrats Customer C0162! As a Gold member, enjoy your reward: 20% discount + free shipping. We appreciate your loyalty! ğŸ’–",0,1.9415859e-16,Low
C0163,8200,13,10,8,2025-05-02,695.0,2,9400950651,2025-02-11,109,54.5,39,0,No tier,No reward,âš ï¸ Hi Customer C0163! You currently have no loyalty tier. Make 5 more purchases or spend â‚¹21800 more to unlock exciting rewards! ğŸš€,0,5.7978795e-11,Low
C0165,5500,6,5,5,2024-01-22,1070.0,1,9400950651,2024-01-22,495,495.0,505,2,No tier,No reward,âš ï¸ Hi Customer C0165! You currently have no loyalty tier. Make 10 more purchases or spend â‚¹24500 more to unlock exciting rewards! ğŸš€,0,1.4479866e-12,Low
C0167,5000,6,5,5,2024-02-08,760.0,1,9400950651,2024-02-08,478,478.0,488,2,No tier,No reward,âš ï¸ Hi Customer C0167! You currently have no loyalty tier. Make 10 more purchases or spend â‚¹25000 more to unlock exciting rewards! ğŸš€,0,3.325943e-12,Low
C0170,4450,6,5,5,2024-06-18,820.0,1,9400950651,2024-06-18,347,347.0,357,2,No tier,No reward,âš ï¸ Hi Customer C0170! You currently have no loyalty tier. Make 10 more purchases or spend â‚¹25550 more to unlock exciting rewards! ğŸš€,0,5.0880047e-09,Low
C0171,3200,7,5,5,2024-07-27,560.0,1,9400950651,2024-07-27,308,308.0,318,2,No tier,No reward,âš ï¸ Hi Customer C0171! You currently have no loyalty tier. Make 10 more purchases or spend â‚¹26800 more to unlock exciting rewards! ğŸš€,0,4.596541e-09,Low
C0172,10800,11,10,10,2024-06-19,1050.0,2,9400950651,2024-05-19,377,188.5,356,3,No tier,No reward,âš ï¸ Hi Customer C0172! You currently have no loyalty tier. Make 5 more purchases or spend â‚¹19200 more to unlock exciting rewards! ğŸš€,0,3.2070616e-06,Low
C0174,13450,14,10,10,2024-07-22,1045.0,2,9400950651,2024-01-23,494,247.0,323,3,No tier,No reward,âš ï¸ Hi Customer C0174! You currently have no loyalty tier. Make 5 more purchases or spend â‚¹16550 more to unlock exciting rewards! ğŸš€,0,1.5173016e-05,Low
C0175,7450,6,5,5,2025-05-12,1050.0,1,9400950651,2025-05-12,19,19.0,29,0,No tier,No reward,âš ï¸ Hi Customer C0175! You currently have no loyalty tier. Make 10 more purchases or spend â‚¹22550 more to unlock exciting rewards! ğŸš€,0,2.3483214e-11,Low
C0177,2700,6,5,5,2024-03-02,500.0,1,9400950651,2024-03-02,455,455.0,465,2,No tier,No reward,âš ï¸ Hi Customer C0177! You currently have no loyalty tier. Make 10 more purchases or spend â‚¹27300 more to unlock exciting rewards! ğŸš€,0,3.0258285e-12,Low
C0178,9350,7,5,5,2024-07-30,1110.0,1,9400950651,2024-07-30,305,305.0,315,2,No tier,No reward,âš ï¸ Hi Customer C0178! You currently have no loyalty tier. Make 10 more purchases or spend â‚¹20650 more to unlock exciting rewards! ğŸš€,0,1.9165996e-06,Low
C0180,14550,20,15,11,2024-11-06,816.6666666666666,3,9400950651,2024-02-11,475,158.33333333333334,216,1,Gold,20% discount + free shipping,"ğŸŠ Congrats Customer C0180! As a Gold member, enjoy your reward: 20% discount + free shipping. We appreciate your loyalty! ğŸ’–",0,1.3524113e-08,Low
C0181,10200,10,10,10,2024-07-05,1020.0,2,9400950651,2024-01-01,516,258.0,340,3,No tier,No reward,âš ï¸ Hi Customer C0181! You currently have no loyalty tier. Make 5 more purchases or spend â‚¹19800 more to unlock exciting rewards! ğŸš€,0,6.426026e-06,Low
C0182,4550,6,5,5,2024-12-29,730.0,1,9400950651,2024-12-29,153,153.0,163,0,No tier,No reward,âš ï¸ Hi Customer C0182! You currently have no loyalty tier. Make 10 more purchases or spend â‚¹25450 more to unlock exciting rewards! ğŸš€,0,2.201743e-08,Low
C0183,5950,8,5,5,2024-07-28,790.0,1,9400950651,2024-07-28,307,307.0,317,2,No tier,No reward,âš ï¸ Hi Customer C0183! You currently have no loyalty tier. Make 10 more purchases or spend â‚¹24050 more to unlock exciting rewards! ğŸš€,0,1.1884258e-07,Low
C0184,9350,9,5,5,2024-10-18,750.0,1,9400950651,2024-10-18,225,225.0,235,0,No tier,No reward,âš ï¸ Hi Customer C0184! You currently have no loyalty tier. Make 10 more purchases or spend â‚¹20650 more to unlock exciting rewards! ğŸš€,0,3.0665768e-05,Low
C0186,6500,6,5,5,2025-03-27,1080.0,1,9400950651,2025-03-27,65,65.0,75,0,No tier,No reward,âš ï¸ Hi Customer C0186! You currently have no loyalty tier. Make 10 more purchases or spend â‚¹23500 more to unlock exciting rewards! ğŸš€,0,6.6329425e-10,Low
C0187,22750,20,15,13,2025-02-11,1076.6666666666667,3,9400950651,2024-08-17,287,95.66666666666667,119,1,Gold,20% discount + free shipping,"ğŸŠ Congrats Customer C0187! As a Gold member, enjoy your reward: 20% discount + free shipping. We appreciate your loyalty! ğŸ’–",0,2.6098806e-12,Low
C0189,4550,5,5,5,2024-05-09,910.0,1,9400950651,2024-05-09,387,387.0,397,2,No tier,No reward,âš ï¸ Hi Customer C0189! You currently have no loyalty tier. Make 10 more purchases or spend â‚¹25450 more to unlock exciting rewards! ğŸš€,0,6.877557e-10,Low
C0191,17700,15,10,9,2024-08-29,1150.0,2,9400950651,2024-06-09,356,178.0,285,3,No tier,No reward,âš ï¸ Hi Customer C0191! You currently have no loyalty tier. Make 5 more purchases or spend â‚¹12300 more to unlock exciting rewards! ğŸš€,0,2.0380567e-06,Low
C0193,7350,6,5,5,2025-05-16,1230.0,1,9400950651,2025-05-16,15,15.0,25,0,No tier,No reward,âš ï¸ Hi Customer C0193! You currently have no loyalty tier. Make 10 more purchases or spend â‚¹22650 more to unlock exciting rewards! ğŸš€,0,1.5577392e-11,Low
C0194,6050,5,5,5,2024-10-09,1210.0,1,9400950651,2024-10-09,234,234.0,244,0,No tier,No reward,âš ï¸ Hi Customer C0194! You currently have no loyalty tier. Make 10 more purchases or spend â‚¹23950 more to unlock exciting rewards! ğŸš€,0,7.313932e-07,Low
C0196,5950,7,5,5,2025-01-20,790.0,1,9400950651,2025-01-20,131,131.0,141,0,No tier,No reward,âš ï¸ Hi Customer C0196! You currently have no loyalty tier. Make 10 more purchases or spend â‚¹24050 more to unlock exciting rewards! ğŸš€,0,3.893751e-08,Low
C0197,7950,8,5,5,2025-03-15,1250.0,1,9400950651,2025-03-15,77,77.0,87,0,No tier,No reward,âš ï¸ Hi Customer C0197! You currently have no loyalty tier. Make 10 more purchases or spend â‚¹22050 more to unlock exciting rewards! ğŸš€,0,4.250797e-09,Low
C0198,3800,6,5,5,2025-02-04,720.0,1,9400950651,2025-02-04,116,116.0,126,0,No tier,No reward,âš ï¸ Hi Customer C0198! You currently have no loyalty tier. Make 10 more purchases or spend â‚¹26200 more to unlock exciting rewards! ğŸš€,0,2.127385e-09,Low
C0199,7900,8,5,5,2025-04-10,1060.0,1,9400950651,2025-04-10,51,51.0,61,0,No tier,No reward,âš ï¸ Hi Customer C0199! You currently have no loyalty tier. Make 10 more purchases or spend â‚¹22100 more to unlock exciting rewards! ğŸš€,0,5.0665994e-10,Low
C0200,13650,21,15,11,2025-01-03,726.6666666666666,3,9400950651,2024-05-03,393,131.0,158,1,Gold,20% discount + free shipping,"ğŸŠ Congrats Customer C0200! As a Gold member, enjoy your reward: 20% discount + free shipping. We appreciate your loyalty! ğŸ’–",0,1.6255787e-09,Low
C0201,25400,21,15,14,2024-03-23,1050.0,3,9400950651,2024-02-04,482,160.66666666666666,444,1,Gold,20% discount + free shipping,"ğŸŠ Congrats Customer C0201! As a Gold member, enjoy your reward: 20% discount + free shipping. We appreciate your loyalty! ğŸ’–",0,1.9421836e-11,Low
C0202,14200,15,10,10,2024-07-18,1050.0,2,9400950651,2024-02-20,466,233.0,327,3,No tier,No reward,âš ï¸ Hi Customer C0202! You currently have no loyalty tier. Make 5 more purchases or spend â‚¹15800 more to unlock exciting rewards! ğŸš€,0,1.144638e-05,Low
C0203,2850,6,5,5,2024-06-09,450.0,1,9400950651,2024-06-09,356,356.0,366,2,No tier,No reward,âš ï¸ Hi Customer C0203! You currently have no loyalty tier. Make 10 more purchases or spend â‚¹27150 more to unlock exciting rewards! ğŸš€,0,6.776176e-10,Low
C0205,19700,26,15,14,2024-10-21,1120.0,3,9400950651,2024-01-17,500,166.66666666666666,232,1,Gold,20% discount + free shipping,"ğŸŠ Congrats Customer C0205! As a Gold member, enjoy your reward: 20% discount + free shipping. We appreciate your loyalty! ğŸ’–",0,1.2576795e-09,Low
C0206,3300,6,5,5,2024-08-22,610.0,1,9400950651,2024-08-22,282,282.0,292,2,No tier,No reward,âš ï¸ Hi Customer C0206! You currently have no loyalty tier. Make 10 more purchases or spend â‚¹26700 more to unlock exciting rewards! ğŸš€,0,1.0623625e-08,Low
C0208,6800,9,5,5,2024-08-12,1090.0,1,9400950651,2024-08-12,292,292.0,302,2,No tier,No reward,âš ï¸ Hi Customer C0208! You currently have no loyalty tier. Make 10 more purchases or spend â‚¹23200 more to unlock exciting rewards! ğŸš€,0,4.9996225e-07,Low
C0210,2400,5,5,5,2024-07-18,480.0,1,9400950651,2024-07-18,317,317.0,327,2,No tier,No reward,âš ï¸ Hi Customer C0210! You currently have no loyalty tier. Make 10 more purchases or spend â‚¹27600 more to unlock exciting rewards! ğŸš€,0,1.3323885e-09,Low
C0212,13950,11,10,10,2024-08-29,1315.0,2,9400950651,2024-08-13,291,145.5,285,3,No tier,No reward,âš ï¸ Hi Customer C0212! You currently have no loyalty tier. Make 5 more purchases or spend â‚¹16050 more to unlock exciting rewards! ğŸš€,0,6.425542e-06,Low
C0213,14900,20,15,14,2025-05-15,896.6666666666666,3,9400950651,2024-10-20,223,74.33333333333333,26,1,Gold,20% discount + free shipping,"ğŸŠ Congrats Customer C0213! As a Gold member, enjoy your reward: 20% discount + free shipping. We appreciate your loyalty! ğŸ’–",0,2.1005044e-12,Low
C0216,2800,6,5,5,2024-04-05,420.0,1,9400950651,2024-04-05,421,421.0,431,2,No tier,No reward,âš ï¸ Hi Customer C0216! You currently have no loyalty tier. Make 10 more purchases or spend â‚¹27200 more to unlock exciting rewards! ğŸš€,0,2.4196554e-11,Low
C0218,18850,18,15,13,2024-07-22,1070.0,2,9400950651,2024-03-22,435,217.5,323,3,Silver,15% discount or birthday bonus,"ğŸŠ Congrats Customer C0218! As a Silver member, enjoy your reward: 15% discount or birthday bonus. We appreciate your loyalty! ğŸ’–",0,1.8896731e-08,Low
C0219,15500,12,10,8,2024-03-15,1210.0,2,9400950651,2024-02-10,476,238.0,452,3,No tier,No reward,âš ï¸ Hi Customer C0219! You currently have no loyalty tier. Make 5 more purchases or spend â‚¹14500 more to unlock exciting rewards! ğŸš€,0,7.705973e-08,Low
C0220,2900,5,5,5,2024-08-25,580.0,1,9400950651,2024-08-25,279,279.0,289,2,No tier,No reward,âš ï¸ Hi Customer C0220! You currently have no loyalty tier. Make 10 more purchases or spend â‚¹27100 more to unlock exciting rewards! ğŸš€,0,6.81713e-09,Low
C0221,6550,8,5,5,2024-02-08,810.0,1,9400950651,2024-02-08,478,478.0,488,2,No tier,No reward,âš ï¸ Hi Customer C0221! You currently have no loyalty tier. Make 10 more purchases or spend â‚¹23450 more to unlock exciting rewards! ğŸš€,0,7.825264e-12,Low
C0223,7500,11,10,7,2024-05-01,680.0,2,9400950651,2024-04-24,402,201.0,405,3,No tier,No reward,âš ï¸ Hi Customer C0223! You currently have no loyalty tier. Make 5 more purchases or spend â‚¹22500 more to unlock exciting rewards! ğŸš€,0,1.8371692e-07,Low
C0224,5700,6,5,5,2024-11-27,1020.0,1,9400950651,2024-11-27,185,185.0,195,0,No tier,No reward,âš ï¸ Hi Customer C0224! You currently have no loyalty tier. Make 10 more purchases or spend â‚¹24300 more to unlock exciting rewards! ğŸš€,0,2.574624e-07,Low
C0225,7600,6,5,5,2025-02-09,1280.0,1,9400950651,2025-02-09,111,111.0,121,0,No tier,No reward,âš ï¸ Hi Customer C0225! You currently have no loyalty tier. Make 10 more purchases or spend â‚¹22400 more to unlock exciting rewards! ğŸš€,0,4.3797996e-08,Low
C0226,22000,22,20,14,2025-03-11,1020.0,3,9400950651,2024-02-08,478,159.33333333333334,91,1,Gold,20% discount + free shipping,"ğŸŠ Congrats Customer C0226! As a Gold member, enjoy your reward: 20% discount + free shipping. We appreciate your loyalty! ğŸ’–",0,7.181708e-14,Low
C0228,17450,17,15,13,2025-01-24,1003.3333333333334,3,9400950651,2024-03-15,442,147.33333333333334,137,1,Gold,20% discount + free shipping,"ğŸŠ Congrats Customer C0228! As a Gold member, enjoy your reward: 20% discount + free shipping. We appreciate your loyalty! ğŸ’–",0,6.041691e-10,Low
C0232,12550,14,10,10,2024-07-17,905.0,2,9400950651,2024-03-16,441,220.5,328,3,No tier,No reward,âš ï¸ Hi Customer C0232! You currently have no loyalty tier. Make 5 more purchases or spend â‚¹17450 more to unlock exciting rewards! ğŸš€,0,1.3092488e-05,Low
C0234,3250,5,5,5,2024-11-06,650.0,1,9400950651,2024-11-06,206,206.0,216,0,No tier,No reward,âš ï¸ Hi Customer C0234! You currently have no loyalty tier. Make 10 more purchases or spend â‚¹26750 more to unlock exciting rewards! ğŸš€,0,1.5740039e-08,Low
C0235,8550,11,10,9,2025-03-15,735.0,2,9400950651,2024-08-26,278,139.0,87,3,No tier,No reward,âš ï¸ Hi Customer C0235! You currently have no loyalty tier. Make 5 more purchases or spend â‚¹21450 more to unlock exciting rewards! ğŸš€,0,4.690028e-08,Low
C0236,8650,6,5,5,2024-07-03,1390.0,1,9400950651,2024-07-03,332,332.0,342,2,No tier,No reward,âš ï¸ Hi Customer C0236! You currently have no loyalty tier. Make 10 more purchases or spend â‚¹21350 more to unlock exciting rewards! ğŸš€,0,2.7481138e-07,Low
C0237,13050,13,10,9,2024-12-28,785.0,2,9400950651,2024-12-20,162,81.0,164,3,No tier,No reward,âš ï¸ Hi Customer C0237! You currently have no loyalty tier. Make 5 more purchases or spend â‚¹16950 more to unlock exciting rewards! ğŸš€,0,3.591637e-08,Low
C0238,22300,28,25,18,2025-02-22,852.0,5,9400950651,2024-01-09,508,101.6,108,1,Gold,20% discount + free shipping,"ğŸŠ Congrats Customer C0238! As a Gold member, enjoy your reward: 20% discount + free shipping. We appreciate your loyalty! ğŸ’–",0,1.487206e-17,Low
C0239,15800,17,10,10,2024-11-26,1010.0,2,9400950651,2024-09-09,264,132.0,196,3,No tier,No reward,âš ï¸ Hi Customer C0239! You currently have no loyalty tier. Make 5 more purchases or spend â‚¹14200 more to unlock exciting rewards! ğŸš€,0,5.612837e-07,Low
C0241,11550,10,10,9,2025-04-27,1155.0,2,9400950651,2024-04-30,396,198.0,44,3,No tier,No reward,âš ï¸ Hi Customer C0241! You currently have no loyalty tier. Make 5 more purchases or spend â‚¹18450 more to unlock exciting rewards! ğŸš€,0,2.6942718e-07,Low
C0242,14200,14,10,8,2025-01-05,1110.0,2,9400950651,2024-03-10,447,223.5,156,3,No tier,No reward,âš ï¸ Hi Customer C0242! You currently have no loyalty tier. Make 5 more purchases or spend â‚¹15800 more to unlock exciting rewards! ğŸš€,0,2.9202029e-05,Low
C0244,27000,21,15,13,2025-04-29,1200.0,3,9400950651,2024-02-28,458,152.66666666666666,42,1,Gold,20% discount + free shipping,"ğŸŠ Congrats Customer C0244! As a Gold member, enjoy your reward: 20% discount + free shipping. We appreciate your loyalty! ğŸ’–",0,3.4854706e-13,Low
C0245,4550,5,5,5,2025-02-09,910.0,1,9400950651,2025-02-09,111,111.0,121,0,No tier,No reward,âš ï¸ Hi Customer C0245! You currently have no loyalty tier. Make 10 more purchases or spend â‚¹25450 more to unlock exciting rewards! ğŸš€,0,3.579701e-09,Low
C0246,23000,22,15,10,2025-03-25,1166.6666666666667,3,9400950651,2024-05-10,386,128.66666666666666,77,1,Gold,20% discount + free shipping,"ğŸŠ Congrats Customer C0246! As a Gold member, enjoy your reward: 20% discount + free shipping. We appreciate your loyalty! ğŸ’–",0,3.986985e-12,Low
C0247,14350,14,10,10,2025-02-07,815.0,2,9400950651,2025-01-02,149,74.5,123,3,No tier,No reward,âš ï¸ Hi Customer C0247! You currently have no loyalty tier. Make 5 more purchases or spend â‚¹15650 more to unlock exciting rewards! ğŸš€,0,5.9317e-09,Low
C0248,2850,6,5,5,2024-01-31,490.0,1,9400950651,2024-01-31,486,486.0,496,2,No tier,No reward,âš ï¸ Hi Customer C0248! You currently have no loyalty tier. Make 10 more purchases or spend â‚¹27150 more to unlock exciting rewards! ğŸš€,0,5.102805e-13,Low
C0249,10850,11,10,6,2025-05-24,1060.0,2,9400950651,2025-03-28,64,32.0,17,0,No tier,No reward,âš ï¸ Hi Customer C0249! You currently have no loyalty tier. Make 5 more purchases or spend â‚¹19150 more to unlock exciting rewards! ğŸš€,0,1.5907642e-11,Low
C0250,9850,8,5,5,2024-01-05,930.0,1,9400950651,2024-01-05,512,512.0,522,2,No tier,No reward,âš ï¸ Hi Customer C0250! You currently have no loyalty tier. Make 10 more purchases or spend â‚¹20150 more to unlock exciting rewards! ğŸš€,0,3.3365923e-12,Low
C0251,7100,11,10,10,2024-11-30,675.0,2,9400950651,2024-08-16,288,144.0,192,3,No tier,No reward,âš ï¸ Hi Customer C0251! You currently have no loyalty tier. Make 5 more purchases or spend â‚¹22900 more to unlock exciting rewards! ğŸš€,0,3.7674297e-07,Low
C0252,4850,5,5,5,2024-05-22,970.0,1,9400950651,2024-05-22,374,374.0,384,2,No tier,No reward,âš ï¸ Hi Customer C0252! You currently have no loyalty tier. Make 10 more purchases or spend â‚¹25150 more to unlock exciting rewards! ğŸš€,0,1.8257641e-09,Low
C0253,4550,7,5,5,2024-06-29,750.0,1,9400950651,2024-06-29,336,336.0,346,2,No tier,No reward,âš ï¸ Hi Customer C0253! You currently have no loyalty tier. Make 10 more purchases or spend â‚¹25450 more to unlock exciting rewards! ğŸš€,0,9.102584e-09,Low
C0255,16650,12,10,7,2024-12-13,1380.0,2,9400950651,2024-05-14,382,191.0,179,3,No tier,No reward,âš ï¸ Hi Customer C0255! You currently have no loyalty tier. Make 5 more purchases or spend â‚¹13350 more to unlock exciting rewards! ğŸš€,0,3.205022e-06,Low
C0256,4800,5,5,5,2024-05-12,960.0,1,9400950651,2024-05-12,384,384.0,394,2,No tier,No reward,âš ï¸ Hi Customer C0256! You currently have no loyalty tier. Make 10 more purchases or spend â‚¹25200 more to unlock exciting rewards! ğŸš€,0,9.900148e-10,Low
C0258,16200,11,5,5,2025-05-31,1230.0,1,9400950651,2025-05-31,0,0.0,10,0,No tier,No reward,âš ï¸ Hi Customer C0258! You currently have no loyalty tier. Make 10 more purchases or spend â‚¹13800 more to unlock exciting rewards! ğŸš€,0,3.1540867e-11,Low
C0259,26250,35,20,14,2024-07-23,990.0,4,9400950651,2024-04-17,409,102.25,322,1,Gold,20% discount + free shipping,"ğŸŠ Congrats Customer C0259! As a Gold member, enjoy your reward: 20% discount + free shipping. We appreciate your loyalty! ğŸ’–",0,1.1431261e-14,Low
C0260,9600,17,15,10,2025-05-29,603.3333333333334,3,9400950651,2024-04-18,408,136.0,12,3,Silver,15% discount or birthday bonus,"ğŸŠ Congrats Customer C0260! As a Silver member, enjoy your reward: 15% discount or birthday bonus. We appreciate your loyalty! ğŸ’–",0,6.164034e-11,Low
C0263,14400,18,15,14,2025-05-18,960.0,3,9400950651,2024-08-17,287,95.66666666666667,23,1,Gold,20% discount + free shipping,"ğŸŠ Congrats Customer C0263! As a Gold member, enjoy your reward: 20% discount + free shipping. We appreciate your loyalty! ğŸ’–",0,6.586366e-12,Low
C0264,6600,9,5,5,2025-01-06,820.0,1,9400950651,2025-01-06,145,145.0,155,0,No tier,No reward,âš ï¸ Hi Customer C0264! You currently have no loyalty tier. Make 10 more purchases or spend â‚¹23400 more to unlock exciting rewards! ğŸš€,0,1.4511502e-07,Low
C0267,6550,6,5,5,2024-02-23,1190.0,1,9400950651,2024-02-23,463,463.0,473,2,No tier,No reward,âš ï¸ Hi Customer C0267! You currently have no loyalty tier. Make 10 more purchases or spend â‚¹23450 more to unlock exciting rewards! ğŸš€,0,2.1334417e-11,Low
C0268,5150,7,5,5,2025-03-12,780.0,1,9400950651,2025-03-12,80,80.0,90,0,No tier,No reward,âš ï¸ Hi Customer C0268! You currently have no loyalty tier. Make 10 more purchases or spend â‚¹24850 more to unlock exciting rewards! ğŸš€,0,8.1226975e-10,Low
C0270,4750,7,5,5,2024-01-10,650.0,1,9400950651,2024-01-10,507,507.0,517,2,No tier,No reward,âš ï¸ Hi Customer C0270! You currently have no loyalty tier. Make 10 more purchases or spend â‚¹25250 more to unlock exciting rewards! ğŸš€,0,4.2852234e-13,Low
C0271,9650,13,10,10,2025-04-04,725.0,2,9400950651,2024-08-28,276,138.0,67,3,No tier,No reward,âš ï¸ Hi Customer C0271! You currently have no loyalty tier. Make 5 more purchases or spend â‚¹20350 more to unlock exciting rewards! ğŸš€,0,2.8437887e-08,Low
C0272,7900,10,10,10,2024-04-10,790.0,2,9400950651,2024-04-08,418,209.0,426,3,No tier,No reward,âš ï¸ Hi Customer C0272! You currently have no loyalty tier. Make 5 more purchases or spend â‚¹22100 more to unlock exciting rewards! ğŸš€,0,8.619406e-08,Low
C0274,7250,8,5,5,2024-10-10,1090.0,1,9400950651,2024-10-10,233,233.0,243,0,No tier,No reward,âš ï¸ Hi Customer C0274! You currently have no loyalty tier. Make 10 more purchases or spend â‚¹22750 more to unlock exciting rewards! ğŸš€,0,3.2817713e-06,Low
C0275,8300,11,10,8,2025-05-19,810.0,2,9400950651,2024-10-25,218,109.0,22,3,No tier,No reward,âš ï¸ Hi Customer C0275! You currently have no loyalty tier. Make 5 more purchases or spend â‚¹21700 more to unlock exciting rewards! ğŸš€,0,5.4064886e-10,Low
C0277,15500,18,15,14,2025-02-17,936.6666666666666,3,9400950651,2024-01-31,486,162.0,113,1,Gold,20% discount + free shipping,"ğŸŠ Congrats Customer C0277! As a Gold member, enjoy your reward: 20% discount + free shipping. We appreciate your loyalty! ğŸ’–",0,1.5178728e-09,Low
C0280,24450,20,15,11,2025-02-27,1096.6666666666667,3,9400950651,2024-07-05,330,110.0,103,1,Gold,20% discount + free shipping,"ğŸŠ Congrats Customer C0280! As a Gold member, enjoy your reward: 20% discount + free shipping. We appreciate your loyalty! ğŸ’–",0,1.1791982e-12,Low
C0281,11800,14,10,10,2024-04-09,950.0,2,9400950651,2024-01-05,512,256.0,427,3,No tier,No reward,âš ï¸ Hi Customer C0281! You currently have no loyalty tier. Make 5 more purchases or spend â‚¹18200 more to unlock exciting rewards! ğŸš€,0,1.6838582e-07,Low
C0282,29050,29,20,15,2024-07-12,995.0,4,9400950651,2024-02-23,463,115.75,333,1,Gold,20% discount + free shipping,"ğŸŠ Congrats Customer C0282! As a Gold member, enjoy your reward: 20% discount + free shipping. We appreciate your loyalty! ğŸ’–",0,2.5806273e-15,Low
C0283,14650,20,15,10,2025-05-31,810.0,3,9400950651,2024-01-26,491,163.66666666666666,10,1,Gold,20% discount + free shipping,"ğŸŠ Congrats Customer C0283! As a Gold member, enjoy your reward: 20% discount + free shipping. We appreciate your loyalty! ğŸ’–",0,1.2543297e-10,Low
C0284,19400,14,10,8,2025-04-10,1080.0,2,9400950651,2024-08-14,290,145.0,61,3,No tier,No reward,âš ï¸ Hi Customer C0284! You currently have no loyalty tier. Make 5 more purchases or spend â‚¹10600 more to unlock exciting rewards! ğŸš€,0,4.5322404e-09,Low
C0286,6500,6,5,5,2024-10-29,1060.0,1,9400950651,2024-10-29,214,214.0,224,0,No tier,No reward,âš ï¸ Hi Customer C0286! You currently have no loyalty tier. Make 10 more purchases or spend â‚¹23500 more to unlock exciting rewards! ğŸš€,0,1.2338119e-06,Low
C0287,17350,16,15,11,2024-11-02,990.0,3,9400950651,2024-02-03,483,161.0,220,1,Gold,20% discount + free shipping,"ğŸŠ Congrats Customer C0287! As a Gold member, enjoy your reward: 20% discount + free shipping. We appreciate your loyalty! ğŸ’–",0,3.8558867e-09,Low
C0288,7900,9,5,5,2024-06-12,820.0,1,9400950651,2024-06-12,353,353.0,363,2,No tier,No reward,âš ï¸ Hi Customer C0288! You currently have no loyalty tier. Make 10 more purchases or spend â‚¹22100 more to unlock exciting rewards! ğŸš€,0,5.2490165e-08,Low
C0290,5300,6,5,5,2024-06-13,1030.0,1,9400950651,2024-06-13,352,352.0,362,2,No tier,No reward,âš ï¸ Hi Customer C0290! You currently have no loyalty tier. Make 10 more purchases or spend â‚¹24700 more to unlock exciting rewards! ğŸš€,0,8.297961e-09,Low
C0291,13200,16,10,10,2025-01-16,965.0,2,9400950651,2024-09-13,260,130.0,145,3,No tier,No reward,âš ï¸ Hi Customer C0291! You currently have no loyalty tier. Make 5 more purchases or spend â‚¹16800 more to unlock exciting rewards! ğŸš€,0,3.0165577e-07,Low
C0292,3250,5,5,5,2024-07-13,650.0,1,9400950651,2024-07-13,322,322.0,332,2,No tier,No reward,âš ï¸ Hi Customer C0292! You currently have no loyalty tier. Make 10 more purchases or spend â‚¹26750 more to unlock exciting rewards! ğŸš€,0,3.2771768e-09,Low
C0293,8200,13,10,10,2024-10-03,750.0,2,9400950651,2024-05-30,366,183.0,250,3,No tier,No reward,âš ï¸ Hi Customer C0293! You currently have no loyalty tier. Make 5 more purchases or spend â‚¹21800 more to unlock exciting rewards! ğŸš€,0,4.517938e-06,Low
C0295,12000,11,10,8,2024-10-21,980.0,2,9400950651,2024-01-11,506,253.0,232,3,No tier,No reward,âš ï¸ Hi Customer C0295! You currently have no loyalty tier. Make 5 more purchases or spend â‚¹18000 more to unlock exciting rewards! ğŸš€,0,0.00021730333,Low
C0298,11200,12,10,10,2024-10-09,905.0,2,9400950651,2024-05-05,391,195.5,244,3,No tier,No reward,âš ï¸ Hi Customer C0298! You currently have no loyalty tier. Make 5 more purchases or spend â‚¹18800 more to unlock exciting rewards! ğŸš€,0,3.8744187e-05,Low
C0301,7300,6,5,5,2024-12-28,1240.0,1,9400950651,2024-12-28,154,154.0,164,0,No tier,No reward,âš ï¸ Hi Customer C0301! You currently have no loyalty tier. Make 10 more purchases or spend â‚¹22700 more to unlock exciting rewards! ğŸš€,0,4.295127e-07,Low
C0302,20800,20,15,12,2024-10-13,1080.0,3,9400950651,2024-02-22,464,154.66666666666666,240,1,Gold,20% discount + free shipping,"ğŸŠ Congrats Customer C0302! As a Gold member, enjoy your reward: 20% discount + free shipping. We appreciate your loyalty! ğŸ’–",0,4.3634935e-10,Low
C0303,7300,7,5,5,2025-05-15,900.0,1,9400950651,2025-05-15,16,16.0,26,0,No tier,No reward,âš ï¸ Hi Customer C0303! You currently have no loyalty tier. Make 10 more purchases or spend â‚¹22700 more to unlock exciting rewards! ğŸš€,0,1.6568674e-11,Low
C0304,3850,5,5,5,2025-02-10,770.0,1,9400950651,2025-02-10,110,110.0,120,0,No tier,No reward,âš ï¸ Hi Customer C0304! You currently have no loyalty tier. Make 10 more purchases or spend â‚¹26150 more to unlock exciting rewards! ğŸš€,0,1.6771993e-09,Low
C0307,6650,5,5,5,2025-01-01,1330.0,1,9400950651,2025-01-01,150,150.0,160,0,No tier,No reward,âš ï¸ Hi Customer C0307! You currently have no loyalty tier. Make 10 more purchases or spend â‚¹23350 more to unlock exciting rewards! ğŸš€,0,1.8941644e-07,Low
C0309,4950,7,5,5,2025-05-23,810.0,1,9400950651,2025-05-23,8,8.0,18,0,No tier,No reward,âš ï¸ Hi Customer C0309! You currently have no loyalty tier. Make 10 more purchases or spend â‚¹25050 more to unlock exciting rewards! ğŸš€,0,2.1134086e-12,Low
C0310,13800,16,10,10,2025-04-20,785.0,2,9400950651,2024-10-11,232,116.0,51,3,No tier,No reward,âš ï¸ Hi Customer C0310! You currently have no loyalty tier. Make 5 more purchases or spend â‚¹16200 more to unlock exciting rewards! ğŸš€,0,6.0283867e-09,Low
C0311,8700,8,5,5,2024-08-28,1330.0,1,9400950651,2024-08-28,276,276.0,286,2,No tier,No reward,âš ï¸ Hi Customer C0311! You currently have no loyalty tier. Make 10 more purchases or spend â‚¹21300 more to unlock exciting rewards! ğŸš€,0,4.952612e-06,Low
C0312,35300,35,30,20,2025-04-01,970.0,6,9400950651,2024-04-26,400,66.66666666666667,70,1,Gold,20% discount + free shipping,"ğŸŠ Congrats Customer C0312! As a Gold member, enjoy your reward: 20% discount + free shipping. We appreciate your loyalty! ğŸ’–",0,2.023633e-24,Low
C0313,15700,17,10,10,2025-01-02,840.0,2,9400950651,2024-11-27,185,92.5,159,3,No tier,No reward,âš ï¸ Hi Customer C0313! You currently have no loyalty tier. Make 5 more purchases or spend â‚¹14300 more to unlock exciting rewards! ğŸš€,0,3.0352684e-08,Low
C0314,4400,7,5,5,2024-06-16,730.0,1,9400950651,2024-06-16,349,349.0,359,2,No tier,No reward,âš ï¸ Hi Customer C0314! You currently have no loyalty tier. Make 10 more purchases or spend â‚¹25600 more to unlock exciting rewards! ğŸš€,0,4.4132302e-09,Low
C0315,4700,5,5,5,2025-04-17,940.0,1,9400950651,2025-04-17,44,44.0,54,0,No tier,No reward,âš ï¸ Hi Customer C0315! You currently have no loyalty tier. Make 10 more purchases or spend â‚¹25300 more to unlock exciting rewards! ğŸš€,0,3.573319e-11,Low
C0316,3800,5,5,5,2025-01-15,760.0,1,9400950651,2025-01-15,136,136.0,146,0,No tier,No reward,âš ï¸ Hi Customer C0316! You currently have no loyalty tier. Make 10 more purchases or spend â‚¹26200 more to unlock exciting rewards! ğŸš€,0,4.8092756e-09,Low
C0317,7800,7,5,5,2024-02-14,1200.0,1,9400950651,2024-02-14,472,472.0,482,2,No tier,No reward,âš ï¸ Hi Customer C0317! You currently have no loyalty tier. Make 10 more purchases or spend â‚¹22200 more to unlock exciting rewards! ğŸš€,0,2.043357e-11,Low
C0319,8900,7,5,5,2024-12-03,1290.0,1,9400950651,2024-12-03,179,179.0,189,0,No tier,No reward,âš ï¸ Hi Customer C0319! You currently have no loyalty tier. Make 10 more purchases or spend â‚¹21100 more to unlock exciting rewards! ğŸš€,0,5.572363e-06,Low
C0320,13400,12,10,10,2024-02-18,1000.0,2,9400950651,2024-01-31,486,243.0,478,3,No tier,No reward,âš ï¸ Hi Customer C0320! You currently have no loyalty tier. Make 5 more purchases or spend â‚¹16600 more to unlock exciting rewards! ğŸš€,0,2.3657096e-08,Low
C0321,4750,6,5,5,2024-07-05,870.0,1,9400950651,2024-07-05,330,330.0,340,2,No tier,No reward,âš ï¸ Hi Customer C0321! You currently have no loyalty tier. Make 10 more purchases or spend â‚¹25250 more to unlock exciting rewards! ğŸš€,0,1.4345334e-08,Low
C0322,7100,8,5,5,2024-11-15,920.0,1,9400950651,2024-11-15,197,197.0,207,0,No tier,No reward,âš ï¸ Hi Customer C0322! You currently have no loyalty tier. Make 10 more purchases or spend â‚¹22900 more to unlock exciting rewards! ğŸš€,0,1.7403838e-06,Low
C0323,10450,14,10,10,2025-05-13,845.0,2,9400950651,2024-09-27,246,123.0,28,3,No tier,No reward,âš ï¸ Hi Customer C0323! You currently have no loyalty tier. Make 5 more purchases or spend â‚¹19550 more to unlock exciting rewards! ğŸš€,0,2.975322e-09,Low
C0324,6950,7,5,5,2024-01-13,920.0,1,9400950651,2024-01-13,504,504.0,514,2,No tier,No reward,âš ï¸ Hi Customer C0324! You currently have no loyalty tier. Make 10 more purchases or spend â‚¹23050 more to unlock exciting rewards! ğŸš€,0,1.6271583e-12,Low
C0326,5000,5,5,5,2024-08-04,1000.0,1,9400950651,2024-08-04,300,300.0,310,2,No tier,No reward,âš ï¸ Hi Customer C0326! You currently have no loyalty tier. Make 10 more purchases or spend â‚¹25000 more to unlock exciting rewards! ğŸš€,0,5.1458912e-08,Low
C0327,25950,24,20,15,2024-09-07,1015.0,4,9400950651,2024-04-18,408,102.0,276,1,Gold,20% discount + free shipping,"ğŸŠ Congrats Customer C0327! As a Gold member, enjoy your reward: 20% discount + free shipping. We appreciate your loyalty! ğŸ’–",0,8.258794e-15,Low
C0328,9300,7,5,5,2024-06-04,1420.0,1,9400950651,2024-06-04,361,361.0,371,2,No tier,No reward,âš ï¸ Hi Customer C0328! You currently have no loyalty tier. Make 10 more purchases or spend â‚¹20700 more to unlock exciting rewards! ğŸš€,0,6.4032726e-08,Low
C0329,11550,10,5,5,2024-01-03,1070.0,1,9400950651,2024-01-03,514,514.0,524,2,No tier,No reward,âš ï¸ Hi Customer C0329! You currently have no loyalty tier. Make 10 more purchases or spend â‚¹18450 more to unlock exciting rewards! ğŸš€,0,6.0199207e-12,Low
C0330,17200,16,15,11,2024-12-09,1123.3333333333333,3,9400950651,2024-08-12,292,97.33333333333333,183,1,Gold,20% discount + free shipping,"ğŸŠ Congrats Customer C0330! As a Gold member, enjoy your reward: 20% discount + free shipping. We appreciate your loyalty! ğŸ’–",0,1.889307e-10,Low
C0331,3650,5,5,5,2024-06-18,730.0,1,9400950651,2024-06-18,347,347.0,357,2,No tier,No reward,âš ï¸ Hi Customer C0331! You currently have no loyalty tier. Make 10 more purchases or spend â‚¹26350 more to unlock exciting rewards! ğŸš€,0,2.2721913e-09,Low
C0332,4750,7,5,5,2024-09-15,810.0,1,9400950651,2024-09-15,258,258.0,268,2,No tier,No reward,âš ï¸ Hi Customer C0332! You currently have no loyalty tier. Make 10 more purchases or spend â‚¹25250 more to unlock exciting rewards! ğŸš€,0,1.060571e-07,Low
C0333,6100,6,5,5,2024-03-09,1040.0,1,9400950651,2024-03-09,448,448.0,458,2,No tier,No reward,âš ï¸ Hi Customer C0333! You currently have no loyalty tier. Make 10 more purchases or spend â‚¹23900 more to unlock exciting rewards! ğŸš€,0,4.4391695e-11,Low
C0334,12400,15,10,8,2025-01-26,870.0,2,9400950651,2024-07-27,308,154.0,135,3,No tier,No reward,âš ï¸ Hi Customer C0334! You currently have no loyalty tier. Make 5 more purchases or spend â‚¹17600 more to unlock exciting rewards! ğŸš€,0,8.9007256e-07,Low
C0335,23750,19,15,14,2025-05-28,1163.3333333333333,3,9400950651,2024-04-04,422,140.66666666666666,13,1,Gold,20% discount + free shipping,"ğŸŠ Congrats Customer C0335! As a Gold member, enjoy your reward: 20% discount + free shipping. We appreciate your loyalty! ğŸ’–",0,9.357985e-13,Low
C0337,10000,13,10,10,2024-11-19,735.0,2,9400950651,2024-10-30,213,106.5,203,3,No tier,No reward,âš ï¸ Hi Customer C0337! You currently have no loyalty tier. Make 5 more purchases or spend â‚¹20000 more to unlock exciting rewards! ğŸš€,0,4.3440704e-07,Low
C0339,7550,7,5,5,2024-05-04,930.0,1,9400950651,2024-05-04,392,392.0,402,2,No tier,No reward,âš ï¸ Hi Customer C0339! You currently have no loyalty tier. Make 10 more purchases or spend â‚¹22450 more to unlock exciting rewards! ğŸš€,0,3.6691723e-09,Low
C0340,5800,6,5,5,2025-03-24,1040.0,1,9400950651,2025-03-24,68,68.0,78,0,No tier,No reward,âš ï¸ Hi Customer C0340! You currently have no loyalty tier. Make 10 more purchases or spend â‚¹24200 more to unlock exciting rewards! ğŸš€,0,5.300795e-10,Low
C0341,2900,5,5,5,2025-05-06,580.0,1,9400950651,2025-05-06,25,25.0,35,0,No tier,No reward,âš ï¸ Hi Customer C0341! You currently have no loyalty tier. Make 10 more purchases or spend â‚¹27100 more to unlock exciting rewards! ğŸš€,0,2.1530375e-12,Low
C0343,4950,8,5,5,2024-12-30,860.0,1,9400950651,2024-12-30,152,152.0,162,0,No tier,No reward,âš ï¸ Hi Customer C0343! You currently have no loyalty tier. Make 10 more purchases or spend â‚¹25050 more to unlock exciting rewards! ğŸš€,0,3.3209925e-08,Low
C0344,4250,5,5,5,2025-01-18,850.0,1,9400950651,2025-01-18,133,133.0,143,0,No tier,No reward,âš ï¸ Hi Customer C0344! You currently have no loyalty tier. Make 10 more purchases or spend â‚¹25750 more to unlock exciting rewards! ğŸš€,0,7.0877744e-09,Low
C0346,18200,20,15,12,2025-03-10,953.3333333333334,3,9400950651,2024-06-27,338,112.66666666666667,92,1,Gold,20% discount + free shipping,"ğŸŠ Congrats Customer C0346! As a Gold member, enjoy your reward: 20% discount + free shipping. We appreciate your loyalty! ğŸ’–",0,3.6124072e-11,Low
C0348,10250,12,10,9,2024-06-23,760.0,2,9400950651,2024-02-12,474,237.0,352,3,No tier,No reward,âš ï¸ Hi Customer C0348! You currently have no loyalty tier. Make 5 more purchases or spend â‚¹19750 more to unlock exciting rewards! ğŸš€,0,4.1605613e-06,Low
C0349,9300,14,10,9,2024-07-01,700.0,2,9400950651,2024-05-16,380,190.0,344,3,No tier,No reward,âš ï¸ Hi Customer C0349! You currently have no loyalty tier. Make 5 more purchases or spend â‚¹20700 more to unlock exciting rewards! ğŸš€,0,3.3321232e-06,Low
C0350,15250,14,10,9,2025-03-09,1000.0,2,9400950651,2024-09-29,244,122.0,93,3,No tier,No reward,âš ï¸ Hi Customer C0350! You currently have no loyalty tier. Make 5 more purchases or spend â‚¹14750 more to unlock exciting rewards! ğŸš€,0,2.3413302e-08,Low
C0353,8350,6,5,5,2025-02-19,1250.0,1,9400950651,2025-02-19,101,101.0,111,0,No tier,No reward,âš ï¸ Hi Customer C0353! You currently have no loyalty tier. Make 10 more purchases or spend â‚¹21650 more to unlock exciting rewards! ğŸš€,0,3.558192e-08,Low
C0354,13400,8,5,5,2025-04-20,1320.0,1,9400950651,2025-04-20,41,41.0,51,0,No tier,No reward,âš ï¸ Hi Customer C0354! You currently have no loyalty tier. Make 10 more purchases or spend â‚¹16600 more to unlock exciting rewards! ğŸš€,0,1.141937e-09,Low
C0355,13650,17,15,13,2025-02-17,870.0,3,9400950651,2024-01-30,487,162.33333333333334,113,1,Gold,20% discount + free shipping,"ğŸŠ Congrats Customer C0355! As a Gold member, enjoy your reward: 20% discount + free shipping. We appreciate your loyalty! ğŸ’–",0,2.598178e-09,Low
C0357,9950,11,10,9,2025-02-11,935.0,2,9400950651,2024-03-06,451,225.5,119,3,No tier,No reward,âš ï¸ Hi Customer C0357! You currently have no loyalty tier. Make 5 more purchases or spend â‚¹20050 more to unlock exciting rewards! ğŸš€,0,1.4031824e-05,Low
C0358,15000,10,5,5,2025-04-02,1330.0,1,9400950651,2025-04-02,59,59.0,69,0,No tier,No reward,âš ï¸ Hi Customer C0358! You currently have no loyalty tier. Make 10 more purchases or spend â‚¹15000 more to unlock exciting rewards! ğŸš€,0,6.433238e-09,Low
C0359,17350,21,15,13,2024-11-12,900.0,3,9400950651,2024-01-30,487,162.33333333333334,210,1,Gold,20% discount + free shipping,"ğŸŠ Congrats Customer C0359! As a Gold member, enjoy your reward: 20% discount + free shipping. We appreciate your loyalty! ğŸ’–",0,3.547612e-09,Low
C0360,5650,5,5,5,2024-09-29,1130.0,1,9400950651,2024-09-29,244,244.0,254,0,No tier,No reward,âš ï¸ Hi Customer C0360! You currently have no loyalty tier. Make 10 more purchases or spend â‚¹24350 more to unlock exciting rewards! ğŸš€,0,4.0215494e-07,Low
C0362,6150,9,5,5,2024-12-10,700.0,1,9400950651,2024-12-10,172,172.0,182,0,No tier,No reward,âš ï¸ Hi Customer C0362! You currently have no loyalty tier. Make 10 more purchases or spend â‚¹23850 more to unlock exciting rewards! ğŸš€,0,2.7156597e-07,Low
C0363,14950,20,15,13,2024-11-16,750.0,3,9400950651,2024-05-29,367,122.33333333333333,206,1,Gold,20% discount + free shipping,"ğŸŠ Congrats Customer C0363! As a Gold member, enjoy your reward: 20% discount + free shipping. We appreciate your loyalty! ğŸ’–",0,2.0918915e-09,Low
C0364,2900,5,5,5,2025-04-26,580.0,1,9400950651,2025-04-26,35,35.0,45,0,No tier,No reward,âš ï¸ Hi Customer C0364! You currently have no loyalty tier. Make 10 more purchases or spend â‚¹27100 more to unlock exciting rewards! ğŸš€,0,4.801212e-12,Low
C0365,6800,6,5,5,2024-10-02,1300.0,1,9400950651,2024-10-02,241,241.0,251,0,No tier,No reward,âš ï¸ Hi Customer C0365! You currently have no loyalty tier. Make 10 more purchases or spend â‚¹23200 more to unlock exciting rewards! ğŸš€,0,1.7406179e-06,Low
C0366,8350,7,5,5,2024-04-25,1250.0,1,9400950651,2024-04-25,401,401.0,411,2,No tier,No reward,âš ï¸ Hi Customer C0366! You currently have no loyalty tier. Make 10 more purchases or spend â‚¹21650 more to unlock exciting rewards! ğŸš€,0,3.0371894e-09,Low
C0367,4750,8,5,5,2024-08-07,630.0,1,9400950651,2024-08-07,297,297.0,307,2,No tier,No reward,âš ï¸ Hi Customer C0367! You currently have no loyalty tier. Make 10 more purchases or spend â‚¹25250 more to unlock exciting rewards! ğŸš€,0,4.146956e-08,Low
C0368,13650,13,10,9,2025-02-28,1105.0,2,9400950651,2024-02-12,474,237.0,102,3,No tier,No reward,âš ï¸ Hi Customer C0368! You currently have no loyalty tier. Make 5 more purchases or spend â‚¹16350 more to unlock exciting rewards! ğŸš€,0,1.19752585e-05,Low
C0369,8050,17,10,10,2024-11-29,750.0,2,9400950651,2024-07-15,320,160.0,193,3,No tier,No reward,âš ï¸ Hi Customer C0369! You currently have no loyalty tier. Make 5 more purchases or spend â‚¹21950 more to unlock exciting rewards! ğŸš€,0,1.5949338e-06,Low
C0373,7250,6,5,5,2024-06-15,950.0,1,9400950651,2024-06-15,350,350.0,360,2,No tier,No reward,âš ï¸ Hi Customer C0373! You currently have no loyalty tier. Make 10 more purchases or spend â‚¹22750 more to unlock exciting rewards! ğŸš€,0,4.1786755e-08,Low
C0375,7050,6,5,5,2024-12-27,1070.0,1,9400950651,2024-12-27,155,155.0,165,0,No tier,No reward,âš ï¸ Hi Customer C0375! You currently have no loyalty tier. Make 10 more purchases or spend â‚¹22950 more to unlock exciting rewards! ğŸš€,0,3.4834198e-07,Low
C0376,5900,6,5,5,2024-10-15,1060.0,1,9400950651,2024-10-15,228,228.0,238,0,No tier,No reward,âš ï¸ Hi Customer C0376! You currently have no loyalty tier. Make 10 more purchases or spend â‚¹24100 more to unlock exciting rewards! ğŸš€,0,6.246221e-07,Low
C0378,21950,20,15,11,2025-03-02,1026.6666666666667,3,9400950651,2024-03-13,444,148.0,100,1,Gold,20% discount + free shipping,"ğŸŠ Congrats Customer C0378! As a Gold member, enjoy your reward: 20% discount + free shipping. We appreciate your loyalty! ğŸ’–",0,2.3470675e-11,Low
C0380,13350,20,15,13,2025-03-19,603.3333333333334,3,9400950651,2024-04-11,415,138.33333333333334,83,1,Gold,20% discount + free shipping,"ğŸŠ Congrats Customer C0380! As a Gold member, enjoy your reward: 20% discount + free shipping. We appreciate your loyalty! ğŸ’–",0,4.0573284e-10,Low
C0381,4150,5,5,5,2024-08-20,830.0,1,9400950651,2024-08-20,284,284.0,294,2,No tier,No reward,âš ï¸ Hi Customer C0381! You currently have no loyalty tier. Make 10 more purchases or spend â‚¹25850 more to unlock exciting rewards! ğŸš€,0,2.9158452e-08,Low
C0382,6200,5,5,5,2024-12-26,1240.0,1,9400950651,2024-12-26,156,156.0,166,0,No tier,No reward,âš ï¸ Hi Customer C0382! You currently have no loyalty tier. Make 10 more purchases or spend â‚¹23800 more to unlock exciting rewards! ğŸš€,0,1.522126e-07,Low
C0383,5950,6,5,5,2024-10-28,950.0,1,9400950651,2024-10-28,215,215.0,225,0,No tier,No reward,âš ï¸ Hi Customer C0383! You currently have no loyalty tier. Make 10 more purchases or spend â‚¹24050 more to unlock exciting rewards! ğŸš€,0,6.2004085e-07,Low
C0384,6350,5,5,5,2025-02-23,1270.0,1,9400950651,2025-02-23,97,97.0,107,0,No tier,No reward,âš ï¸ Hi Customer C0384! You currently have no loyalty tier. Make 10 more purchases or spend â‚¹23650 more to unlock exciting rewards! ğŸš€,0,6.731491e-09,Low
C0385,8950,6,5,5,2025-02-08,1350.0,1,9400950651,2025-02-08,112,112.0,122,0,No tier,No reward,âš ï¸ Hi Customer C0385! You currently have no loyalty tier. Make 10 more purchases or spend â‚¹21050 more to unlock exciting rewards! ğŸš€,0,1.18665106e-07,Low
C0386,13650,12,10,8,2025-05-21,1125.0,2,9400950651,2025-05-08,23,11.5,20,0,No tier,No reward,âš ï¸ Hi Customer C0386! You currently have no loyalty tier. Make 5 more purchases or spend â‚¹16350 more to unlock exciting rewards! ğŸš€,0,6.6677805e-12,Low
C0387,13550,12,10,10,2025-03-27,1180.0,2,9400950651,2024-06-10,355,177.5,75,3,No tier,No reward,âš ï¸ Hi Customer C0387! You currently have no loyalty tier. Make 5 more purchases or spend â‚¹16450 more to unlock exciting rewards! ğŸš€,0,3.0304474e-07,Low
C0388,7350,7,5,5,2024-06-25,990.0,1,9400950651,2024-06-25,340,340.0,350,2,No tier,No reward,âš ï¸ Hi Customer C0388! You currently have no loyalty tier. Make 10 more purchases or spend â‚¹22650 more to unlock exciting rewards! ğŸš€,0,7.838769e-08,Low
C0389,4600,5,5,5,2024-01-25,920.0,1,9400950651,2024-01-25,492,492.0,502,2,No tier,No reward,âš ï¸ Hi Customer C0389! You currently have no loyalty tier. Make 10 more purchases or spend â‚¹25400 more to unlock exciting rewards! ğŸš€,0,1.0572824e-12,Low
C0390,13450,13,10,9,2025-05-17,1095.0,2,9400950651,2024-03-25,432,216.0,24,3,No tier,No reward,âš ï¸ Hi Customer C0390! You currently have no loyalty tier. Make 5 more purchases or spend â‚¹16550 more to unlock exciting rewards! ğŸš€,0,2.5354385e-07,Low
C0391,6850,10,10,9,2024-08-01,685.0,2,9400950651,2024-03-12,445,222.5,313,3,No tier,No reward,âš ï¸ Hi Customer C0391! You currently have no loyalty tier. Make 5 more purchases or spend â‚¹23150 more to unlock exciting rewards! ğŸš€,0,2.1806613e-06,Low
C0392,19400,20,15,12,2024-11-19,906.6666666666666,3,9400950651,2024-07-25,310,103.33333333333333,203,1,Gold,20% discount + free shipping,"ğŸŠ Congrats Customer C0392! As a Gold member, enjoy your reward: 20% discount + free shipping. We appreciate your loyalty! ğŸ’–",0,9.25806e-11,Low
C0393,3000,7,5,5,2025-01-21,440.0,1,9400950651,2025-01-21,130,130.0,140,0,No tier,No reward,âš ï¸ Hi Customer C0393! You currently have no loyalty tier. Make 10 more purchases or spend â‚¹27000 more to unlock exciting rewards! ğŸš€,0,1.5378228e-09,Low
C0394,12100,12,10,8,2024-11-03,1055.0,2,9400950651,2024-04-19,407,203.5,219,3,No tier,No reward,âš ï¸ Hi Customer C0394! You currently have no loyalty tier. Make 5 more purchases or spend â‚¹17900 more to unlock exciting rewards! ğŸš€,0,6.452566e-05,Low
C0395,12000,8,5,5,2025-05-29,1340.0,1,9400950651,2025-05-29,2,2.0,12,0,No tier,No reward,âš ï¸ Hi Customer C0395! You currently have no loyalty tier. Make 10 more purchases or spend â‚¹18000 more to unlock exciting rewards! ğŸš€,0,2.4179207e-11,Low
C0396,7350,6,5,5,2024-08-10,1230.0,1,9400950651,2024-08-10,294,294.0,304,2,No tier,No reward,âš ï¸ Hi Customer C0396! You currently have no loyalty tier. Make 10 more purchases or spend â‚¹22650 more to unlock exciting rewards! ğŸš€,0,7.9426337e-07,Low
C0397,11500,11,10,10,2025-04-07,1030.0,2,9400950651,2024-04-29,397,198.5,64,3,No tier,No reward,âš ï¸ Hi Customer C0397! You currently have no loyalty tier. Make 5 more purchases or spend â‚¹18500 more to unlock exciting rewards! ğŸš€,0,6.1158005e-07,Low
C0398,7100,9,5,5,2024-04-15,780.0,1,9400950651,2024-04-15,411,411.0,421,2,No tier,No reward,âš ï¸ Hi Customer C0398! You currently have no loyalty tier. Make 10 more purchases or spend â‚¹22900 more to unlock exciting rewards! ğŸš€,0,8.5276275e-10,Low
C0399,14150,14,10,8,2025-03-27,870.0,2,9400950651,2024-09-09,264,132.0,75,3,No tier,No reward,âš ï¸ Hi Customer C0399! You currently have no loyalty tier. Make 5 more purchases or spend â‚¹15850 more to unlock exciting rewards! ğŸš€,0,2.8426065e-08,Low
